scenario_id,topology,profile,method,K,coverage_pct,frontier_coverage_pct,trial,seed,mappo_tag,std_coverage_pct,raw_coverage_pct,solver_status,mip_gap,result_file
0,STRAIGHT,VELODYNE64_R30,MILP_BUDGET,1,58.40277777777778,58.40277777777778,,,,,58.40277777777778,SKIPPED_EXACT_K1,0.0,results/journal_r30_top10_20260707/milp/milp_velodyne64_r30_journal_r30_top10_20260707_id0_k1.npy
0,STRAIGHT,VELODYNE64_R30,MILP_BUDGET,2,98.66666666666667,98.66666666666667,,,,,98.66666666666667,2,0.013513513513513514,results/journal_r30_top10_20260707/milp/milp_velodyne64_r30_journal_r30_top10_20260707_id0_k2.npy
0,STRAIGHT,VELODYNE64_R30,MILP_BUDGET,3,99.875,99.875,,,,,99.875,2,0.0012515644555694619,results/journal_r30_top10_20260707/milp/milp_velodyne64_r30_journal_r30_top10_20260707_id0_k3.npy
0,STRAIGHT,VELODYNE64_R30,MILP_BUDGET,4,100.0,100.0,,,,,100.0,SKIPPED_PROVEN_FULL_COVERAGE,0.0,results/journal_r30_top10_20260707/milp/milp_velodyne64_r30_journal_r30_top10_20260707_id0_k4.npy
0,STRAIGHT,VELODYNE64_R30,MILP_BUDGET,5,100.0,100.0,,,,,100.0,SKIPPED_PROVEN_FULL_COVERAGE,0.0,results/journal_r30_top10_20260707/milp/milp_velodyne64_r30_journal_r30_top10_20260707_id0_k5.npy
0,STRAIGHT,VELODYNE64_R30,MILP_BUDGET,6,100.0,100.0,,,,,100.0,SKIPPED_PROVEN_FULL_COVERAGE,0.0,results/journal_r30_top10_20260707/milp/milp_velodyne64_r30_journal_r30_top10_20260707_id0_k6.npy
1,T_JUNCTION,VELODYNE64_R30,MILP_BUDGET,1,60.09217456734387,60.09217456734387,,,,,60.09217456734387,SKIPPED_EXACT_K1,0.0,results/journal_r30_top10_20260707/milp/milp_velodyne64_r30_journal_r30_top10_20260707_id1_k1.npy
1,T_JUNCTION,VELODYNE64_R30,MILP_BUDGET,2,79.627539503386,79.627539503386,,,,,79.627539503386,9,inf,results/journal_r30_top10_20260707/milp/milp_velodyne64_r30_journal_r30_top10_20260707_id1_k2.npy
1,T_JUNCTION,VELODYNE64_R30,MILP_BUDGET,3,90.6132430398796,90.6132430398796,,,,,90.6132430398796,9,inf,results/journal_r30_top10_20260707/milp/milp_velodyne64_r30_journal_r30_top10_20260707_id1_k3.npy
1,T_JUNCTION,VELODYNE64_R30,MILP_BUDGET,4,99.9247554552295,99.9247554552295,,,,,99.9247554552295,2,0.0007530120481927711,results/journal_r30_top10_20260707/milp/milp_velodyne64_r30_journal_r30_top10_20260707_id1_k4.npy
1,T_JUNCTION,VELODYNE64_R30,MILP_BUDGET,5,100.0,100.0,,,,,100.0,SKIPPED_PROVEN_FULL_COVERAGE,0.0,results/journal_r30_top10_20260707/milp/milp_velodyne64_r30_journal_r30_top10_20260707_id1_k5.npy
1,T_JUNCTION,VELODYNE64_R30,MILP_BUDGET,6,100.0,100.0,,,,,100.0,SKIPPED_PROVEN_FULL_COVERAGE,0.0,results/journal_r30_top10_20260707/milp/milp_velodyne64_r30_journal_r30_top10_20260707_id1_k6.npy
2,CROSS,VELODYNE64_R30,MILP_BUDGET,1,55.08583690987125,55.08583690987125,,,,,55.08583690987125,SKIPPED_EXACT_K1,0.0,results/journal_r30_top10_20260707/milp/milp_velodyne64_r30_journal_r30_top10_20260707_id2_k1.npy
2,CROSS,VELODYNE64_R30,MILP_BUDGET,2,71.64520743919886,71.64520743919886,,,,,71.64520743919886,9,inf,results/journal_r30_top10_20260707/milp/milp_velodyne64_r30_journal_r30_top10_20260707_id2_k2.npy
2,CROSS,VELODYNE64_R30,MILP_BUDGET,3,79.37768240343348,79.37768240343348,,,,,79.37768240343348,9,inf,results/journal_r30_top10_20260707/milp/milp_velodyne64_r30_journal_r30_top10_20260707_id2_k3.npy
2,CROSS,VELODYNE64_R30,MILP_BUDGET,4,87.1101573676681,87.1101573676681,,,,,87.1101573676681,9,inf,results/journal_r30_top10_20260707/milp/milp_velodyne64_r30_journal_r30_top10_20260707_id2_k4.npy
2,CROSS,VELODYNE64_R30,MILP_BUDGET,5,93.55507868383405,93.55507868383405,,,,,93.55507868383405,9,inf,results/journal_r30_top10_20260707/milp/milp_velodyne64_r30_journal_r30_top10_20260707_id2_k5.npy
2,CROSS,VELODYNE64_R30,MILP_BUDGET,6,100.0,100.0,,,,,100.0,SKIPPED_PROVEN_FULL_COVERAGE,0.0,results/journal_r30_top10_20260707/milp/milp_velodyne64_r30_journal_r30_top10_20260707_id2_k6.npy
3,STRAIGHT,VELODYNE64_R30,MILP_BUDGET,1,52.175000000000004,52.175000000000004,,,,,52.175000000000004,SKIPPED_EXACT_K1,0.0,results/journal_r30_top10_20260707/milp/milp_velodyne64_r30_journal_r30_top10_20260707_id3_k1.npy
3,STRAIGHT,VELODYNE64_R30,MILP_BUDGET,2,95.50833333333333,95.50833333333333,,,,,95.50833333333333,2,0.04702905505627781,results/journal_r30_top10_20260707/milp/milp_velodyne64_r30_journal_r30_top10_20260707_id3_k2.npy
3,STRAIGHT,VELODYNE64_R30,MILP_BUDGET,3,99.76666666666667,99.76666666666667,,,,,99.76666666666667,2,0.0023387905111927833,results/journal_r30_top10_20260707/milp/milp_velodyne64_r30_journal_r30_top10_20260707_id3_k3.npy
3,STRAIGHT,VELODYNE64_R30,MILP_BUDGET,4,99.9625,99.9625,,,,,99.9625,2,0.0003751406777541578,results/journal_r30_top10_20260707/milp/milp_velodyne64_r30_journal_r30_top10_20260707_id3_k4.npy
3,STRAIGHT,VELODYNE64_R30,MILP_BUDGET,5,100.0,100.0,,,,,100.0,SKIPPED_PROVEN_FULL_COVERAGE,0.0,results/journal_r30_top10_20260707/milp/milp_velodyne64_r30_journal_r30_top10_20260707_id3_k5.npy
3,STRAIGHT,VELODYNE64_R30,MILP_BUDGET,6,100.0,100.0,,,,,100.0,SKIPPED_PROVEN_FULL_COVERAGE,0.0,results/journal_r30_top10_20260707/milp/milp_velodyne64_r30_journal_r30_top10_20260707_id3_k6.npy
6,CROSS,VELODYNE64_R30,MILP_BUDGET,1,46.304267333148196,46.304267333148196,,,,,46.304267333148196,SKIPPED_EXACT_K1,0.0,results/journal_r30_top10_20260707/milp/milp_velodyne64_r30_journal_r30_top10_20260707_id6_k1.npy
6,CROSS,VELODYNE64_R30,MILP_BUDGET,2,73.25048597611774,73.25048597611774,,,,,73.25048597611774,2,0.034846618014090294,results/journal_r30_top10_20260707/milp/milp_velodyne64_r30_journal_r30_top10_20260707_id6_k2.npy
6,CROSS,VELODYNE64_R30,MILP_BUDGET,3,87.8714246042766,87.8714246042766,,,,,87.8714246042766,2,0.0005530536462036818,results/journal_r30_top10_20260707/milp/milp_velodyne64_r30_journal_r30_top10_20260707_id6_k3.npy
6,CROSS,VELODYNE64_R30,MILP_BUDGET,4,99.15301305193002,99.15301305193002,,,,,99.15301305193002,2,0.00011669700788871774,results/journal_r30_top10_20260707/milp/milp_velodyne64_r30_journal_r30_top10_20260707_id6_k4.npy
6,CROSS,VELODYNE64_R30,MILP_BUDGET,5,99.15301305193002,99.15301305193002,,,,,99.15301305193002,2,0.008542220977454138,results/journal_r30_top10_20260707/milp/milp_velodyne64_r30_journal_r30_top10_20260707_id6_k5.npy
6,CROSS,VELODYNE64_R30,MILP_BUDGET,6,99.9930574840322,99.9930574840322,,,,,99.9930574840322,2,6.942997986530584e-05,results/journal_r30_top10_20260707/milp/milp_velodyne64_r30_journal_r30_top10_20260707_id6_k6.npy
9,T_JUNCTION,VELODYNE64_R30,MILP_BUDGET,1,51.04504504504504,51.04504504504504,,,,,51.04504504504504,SKIPPED_EXACT_K1,0.0,results/journal_r30_top10_20260707/milp/milp_velodyne64_r30_journal_r30_top10_20260707_id9_k1.npy
9,T_JUNCTION,VELODYNE64_R30,MILP_BUDGET,2,78.87162162162163,78.87162162162163,,,,,78.87162162162163,2,0.0059967446243467835,results/journal_r30_top10_20260707/milp/milp_velodyne64_r30_journal_r30_top10_20260707_id9_k2.npy
9,T_JUNCTION,VELODYNE64_R30,MILP_BUDGET,3,88.64864864864866,88.64864864864866,,,,,88.64864864864866,2,0.03282520325203252,results/journal_r30_top10_20260707/milp/milp_velodyne64_r30_journal_r30_top10_20260707_id9_k3.npy
9,T_JUNCTION,VELODYNE64_R30,MILP_BUDGET,4,96.12387387387388,96.12387387387388,,,,,96.12387387387388,2,0.040324281262447574,results/journal_r30_top10_20260707/milp/milp_velodyne64_r30_journal_r30_top10_20260707_id9_k4.npy
9,T_JUNCTION,VELODYNE64_R30,MILP_BUDGET,5,98.22972972972973,98.22972972972973,,,,,98.22972972972973,2,0.018021736139771632,results/journal_r30_top10_20260707/milp/milp_velodyne64_r30_journal_r30_top10_20260707_id9_k5.npy
9,T_JUNCTION,VELODYNE64_R30,MILP_BUDGET,6,99.18468468468468,99.18468468468468,,,,,99.18468468468468,2,0.008220173486534357,results/journal_r30_top10_20260707/milp/milp_velodyne64_r30_journal_r30_top10_20260707_id9_k6.npy
0,STRAIGHT,VELODYNE64_R30,GREEDY,1,58.40277777777778,58.40277777777778,,,,,58.40277777777778,,,results/journal_r30_top10_20260707/greedy/greedy_velodyne64_r30_journal_r30_top10_20260707_id0_k1.npy
0,STRAIGHT,VELODYNE64_R30,GREEDY,2,98.66666666666667,98.66666666666667,,,,,98.66666666666667,,,results/journal_r30_top10_20260707/greedy/greedy_velodyne64_r30_journal_r30_top10_20260707_id0_k2.npy
0,STRAIGHT,VELODYNE64_R30,GREEDY,3,99.875,99.875,,,,,99.875,,,results/journal_r30_top10_20260707/greedy/greedy_velodyne64_r30_journal_r30_top10_20260707_id0_k3.npy
0,STRAIGHT,VELODYNE64_R30,GREEDY,4,100.0,100.0,,,,,100.0,,,results/journal_r30_top10_20260707/greedy/greedy_velodyne64_r30_journal_r30_top10_20260707_id0_k4.npy
0,STRAIGHT,VELODYNE64_R30,GREEDY,5,100.0,100.0,,,,,100.0,,,results/journal_r30_top10_20260707/greedy/greedy_velodyne64_r30_journal_r30_top10_20260707_id0_k5.npy
0,STRAIGHT,VELODYNE64_R30,GREEDY,6,100.0,100.0,,,,,100.0,,,results/journal_r30_top10_20260707/greedy/greedy_velodyne64_r30_journal_r30_top10_20260707_id0_k6.npy
1,T_JUNCTION,VELODYNE64_R30,GREEDY,1,60.09217456734387,60.09217456734387,,,,,60.09217456734387,,,results/journal_r30_top10_20260707/greedy/greedy_velodyne64_r30_journal_r30_top10_20260707_id1_k1.npy
1,T_JUNCTION,VELODYNE64_R30,GREEDY,2,79.627539503386,79.627539503386,,,,,79.627539503386,,,results/journal_r30_top10_20260707/greedy/greedy_velodyne64_r30_journal_r30_top10_20260707_id1_k2.npy
1,T_JUNCTION,VELODYNE64_R30,GREEDY,3,90.6132430398796,90.6132430398796,,,,,90.6132430398796,,,results/journal_r30_top10_20260707/greedy/greedy_velodyne64_r30_journal_r30_top10_20260707_id1_k3.npy
1,T_JUNCTION,VELODYNE64_R30,GREEDY,4,99.9247554552295,99.9247554552295,,,,,99.9247554552295,,,results/journal_r30_top10_20260707/greedy/greedy_velodyne64_r30_journal_r30_top10_20260707_id1_k4.npy
1,T_JUNCTION,VELODYNE64_R30,GREEDY,5,100.0,100.0,,,,,100.0,,,results/journal_r30_top10_20260707/greedy/greedy_velodyne64_r30_journal_r30_top10_20260707_id1_k5.npy
1,T_JUNCTION,VELODYNE64_R30,GREEDY,6,100.0,100.0,,,,,100.0,,,results/journal_r30_top10_20260707/greedy/greedy_velodyne64_r30_journal_r30_top10_20260707_id1_k6.npy
2,CROSS,VELODYNE64_R30,GREEDY,1,55.08583690987125,55.08583690987125,,,,,55.08583690987125,,,results/journal_r30_top10_20260707/greedy/greedy_velodyne64_r30_journal_r30_top10_20260707_id2_k1.npy
2,CROSS,VELODYNE64_R30,GREEDY,2,71.64520743919886,71.64520743919886,,,,,71.64520743919886,,,results/journal_r30_top10_20260707/greedy/greedy_velodyne64_r30_journal_r30_top10_20260707_id2_k2.npy
2,CROSS,VELODYNE64_R30,GREEDY,3,79.37768240343348,79.37768240343348,,,,,79.37768240343348,,,results/journal_r30_top10_20260707/greedy/greedy_velodyne64_r30_journal_r30_top10_20260707_id2_k3.npy
2,CROSS,VELODYNE64_R30,GREEDY,4,87.1101573676681,87.1101573676681,,,,,87.1101573676681,,,results/journal_r30_top10_20260707/greedy/greedy_velodyne64_r30_journal_r30_top10_20260707_id2_k4.npy
2,CROSS,VELODYNE64_R30,GREEDY,5,93.55507868383405,93.55507868383405,,,,,93.55507868383405,,,results/journal_r30_top10_20260707/greedy/greedy_velodyne64_r30_journal_r30_top10_20260707_id2_k5.npy
2,CROSS,VELODYNE64_R30,GREEDY,6,100.0,100.0,,,,,100.0,,,results/journal_r30_top10_20260707/greedy/greedy_velodyne64_r30_journal_r30_top10_20260707_id2_k6.npy
3,STRAIGHT,VELODYNE64_R30,GREEDY,1,52.175000000000004,52.175000000000004,,,,,52.175000000000004,,,results/journal_r30_top10_20260707/greedy/greedy_velodyne64_r30_journal_r30_top10_20260707_id3_k1.npy
3,STRAIGHT,VELODYNE64_R30,GREEDY,2,95.50833333333333,95.50833333333333,,,,,95.50833333333333,,,results/journal_r30_top10_20260707/greedy/greedy_velodyne64_r30_journal_r30_top10_20260707_id3_k2.npy
3,STRAIGHT,VELODYNE64_R30,GREEDY,3,99.76666666666667,99.76666666666667,,,,,99.76666666666667,,,results/journal_r30_top10_20260707/greedy/greedy_velodyne64_r30_journal_r30_top10_20260707_id3_k3.npy
3,STRAIGHT,VELODYNE64_R30,GREEDY,4,99.9625,99.9625,,,,,99.9625,,,results/journal_r30_top10_20260707/greedy/greedy_velodyne64_r30_journal_r30_top10_20260707_id3_k4.npy
3,STRAIGHT,VELODYNE64_R30,GREEDY,5,100.0,100.0,,,,,100.0,,,results/journal_r30_top10_20260707/greedy/greedy_velodyne64_r30_journal_r30_top10_20260707_id3_k5.npy
3,STRAIGHT,VELODYNE64_R30,GREEDY,6,100.0,100.0,,,,,100.0,,,results/journal_r30_top10_20260707/greedy/greedy_velodyne64_r30_journal_r30_top10_20260707_id3_k6.npy
6,CROSS,VELODYNE64_R30,GREEDY,1,46.304267333148196,46.304267333148196,,,,,46.304267333148196,,,results/journal_r30_top10_20260707/greedy/greedy_velodyne64_r30_journal_r30_top10_20260707_id6_k1.npy
6,CROSS,VELODYNE64_R30,GREEDY,2,73.25048597611774,73.25048597611774,,,,,73.25048597611774,,,results/journal_r30_top10_20260707/greedy/greedy_velodyne64_r30_journal_r30_top10_20260707_id6_k2.npy
6,CROSS,VELODYNE64_R30,GREEDY,3,81.93788762380821,81.93788762380821,,,,,81.93788762380821,,,results/journal_r30_top10_20260707/greedy/greedy_velodyne64_r30_journal_r30_top10_20260707_id6_k3.npy
6,CROSS,VELODYNE64_R30,GREEDY,4,89.05165231880034,89.05165231880034,,,,,89.05165231880034,,,results/journal_r30_top10_20260707/greedy/greedy_velodyne64_r30_journal_r30_top10_20260707_id6_k4.npy
6,CROSS,VELODYNE64_R30,GREEDY,5,95.13098213459224,95.13098213459224,,,,,95.13098213459224,,,results/journal_r30_top10_20260707/greedy/greedy_velodyne64_r30_journal_r30_top10_20260707_id6_k5.npy
6,CROSS,VELODYNE64_R30,GREEDY,6,99.9930574840322,99.9930574840322,,,,,99.9930574840322,,,results/journal_r30_top10_20260707/greedy/greedy_velodyne64_r30_journal_r30_top10_20260707_id6_k6.npy
9,T_JUNCTION,VELODYNE64_R30,GREEDY,1,51.04504504504504,51.04504504504504,,,,,51.04504504504504,,,results/journal_r30_top10_20260707/greedy/greedy_velodyne64_r30_journal_r30_top10_20260707_id9_k1.npy
9,T_JUNCTION,VELODYNE64_R30,GREEDY,2,78.87162162162163,78.87162162162163,,,,,78.87162162162163,,,results/journal_r30_top10_20260707/greedy/greedy_velodyne64_r30_journal_r30_top10_20260707_id9_k2.npy
9,T_JUNCTION,VELODYNE64_R30,GREEDY,3,88.64864864864866,88.64864864864866,,,,,88.64864864864866,,,results/journal_r30_top10_20260707/greedy/greedy_velodyne64_r30_journal_r30_top10_20260707_id9_k3.npy
9,T_JUNCTION,VELODYNE64_R30,GREEDY,4,96.12387387387388,96.12387387387388,,,,,96.12387387387388,,,results/journal_r30_top10_20260707/greedy/greedy_velodyne64_r30_journal_r30_top10_20260707_id9_k4.npy
9,T_JUNCTION,VELODYNE64_R30,GREEDY,5,98.22972972972973,98.22972972972973,,,,,98.22972972972973,,,results/journal_r30_top10_20260707/greedy/greedy_velodyne64_r30_journal_r30_top10_20260707_id9_k5.npy
9,T_JUNCTION,VELODYNE64_R30,GREEDY,6,99.18468468468468,99.18468468468468,,,,,99.18468468468468,,,results/journal_r30_top10_20260707/greedy/greedy_velodyne64_r30_journal_r30_top10_20260707_id9_k6.npy
0,STRAIGHT,VELODYNE64_R30,MAPPO,1,58.347222222222214,58.347222222222214,0,0,journal_r30_top10_20260707,,58.347222222222214,,,results/journal_r30_top10_20260707/mappo/mappo_velodyne64_r30_journal_r30_top10_20260707_id0_k1_t0.npy
0,STRAIGHT,VELODYNE64_R30,MAPPO,1,58.40277777777778,58.40277777777778,1,1,journal_r30_top10_20260707,,58.40277777777778,,,results/journal_r30_top10_20260707/mappo/mappo_velodyne64_r30_journal_r30_top10_20260707_id0_k1_t1.npy
0,STRAIGHT,VELODYNE64_R30,MAPPO,1,58.40277777777778,58.40277777777778,2,2,journal_r30_top10_20260707,,58.40277777777778,,,results/journal_r30_top10_20260707/mappo/mappo_velodyne64_r30_journal_r30_top10_20260707_id0_k1_t2.npy
0,STRAIGHT,VELODYNE64_R30,MAPPO,1,58.347222222222214,58.347222222222214,3,3,journal_r30_top10_20260707,,58.347222222222214,,,results/journal_r30_top10_20260707/mappo/mappo_velodyne64_r30_journal_r30_top10_20260707_id0_k1_t3.npy
0,STRAIGHT,VELODYNE64_R30,MAPPO,1,58.347222222222214,58.347222222222214,4,4,journal_r30_top10_20260707,,58.347222222222214,,,results/journal_r30_top10_20260707/mappo/mappo_velodyne64_r30_journal_r30_top10_20260707_id0_k1_t4.npy
0,STRAIGHT,VELODYNE64_R30,MAPPO,2,99.58333333333333,99.58333333333333,0,0,journal_r30_top10_20260707,,99.58333333333333,,,results/journal_r30_top10_20260707/mappo/mappo_velodyne64_r30_journal_r30_top10_20260707_id0_k2_t0.npy
0,STRAIGHT,VELODYNE64_R30,MAPPO,2,98.875,98.875,1,1,journal_r30_top10_20260707,,98.875,,,results/journal_r30_top10_20260707/mappo/mappo_velodyne64_r30_journal_r30_top10_20260707_id0_k2_t1.npy
0,STRAIGHT,VELODYNE64_R30,MAPPO,2,99.40277777777777,99.40277777777777,2,2,journal_r30_top10_20260707,,99.40277777777777,,,results/journal_r30_top10_20260707/mappo/mappo_velodyne64_r30_journal_r30_top10_20260707_id0_k2_t2.npy
0,STRAIGHT,VELODYNE64_R30,MAPPO,2,99.75,99.75,3,3,journal_r30_top10_20260707,,99.75,,,results/journal_r30_top10_20260707/mappo/mappo_velodyne64_r30_journal_r30_top10_20260707_id0_k2_t3.npy
0,STRAIGHT,VELODYNE64_R30,MAPPO,2,99.04166666666666,99.04166666666666,4,4,journal_r30_top10_20260707,,99.04166666666666,,,results/journal_r30_top10_20260707/mappo/mappo_velodyne64_r30_journal_r30_top10_20260707_id0_k2_t4.npy
0,STRAIGHT,VELODYNE64_R30,MAPPO,3,99.875,99.875,0,0,journal_r30_top10_20260707,,99.875,,,results/journal_r30_top10_20260707/mappo/mappo_velodyne64_r30_journal_r30_top10_20260707_id0_k3_t0.npy
0,STRAIGHT,VELODYNE64_R30,MAPPO,3,99.875,99.875,1,1,journal_r30_top10_20260707,,99.875,,,results/journal_r30_top10_20260707/mappo/mappo_velodyne64_r30_journal_r30_top10_20260707_id0_k3_t1.npy
0,STRAIGHT,VELODYNE64_R30,MAPPO,3,100.0,100.0,2,2,journal_r30_top10_20260707,,100.0,,,results/journal_r30_top10_20260707/mappo/mappo_velodyne64_r30_journal_r30_top10_20260707_id0_k3_t2.npy
0,STRAIGHT,VELODYNE64_R30,MAPPO,3,99.95833333333334,99.95833333333334,3,3,journal_r30_top10_20260707,,99.95833333333334,,,results/journal_r30_top10_20260707/mappo/mappo_velodyne64_r30_journal_r30_top10_20260707_id0_k3_t3.npy
0,STRAIGHT,VELODYNE64_R30,MAPPO,3,99.875,99.875,4,4,journal_r30_top10_20260707,,99.875,,,results/journal_r30_top10_20260707/mappo/mappo_velodyne64_r30_journal_r30_top10_20260707_id0_k3_t4.npy
0,STRAIGHT,VELODYNE64_R30,MAPPO,4,100.0,100.0,0,0,journal_r30_top10_20260707,,100.0,,,results/journal_r30_top10_20260707/mappo/mappo_velodyne64_r30_journal_r30_top10_20260707_id0_k4_t0.npy
0,STRAIGHT,VELODYNE64_R30,MAPPO,4,100.0,100.0,1,1,journal_r30_top10_20260707,,100.0,,,results/journal_r30_top10_20260707/mappo/mappo_velodyne64_r30_journal_r30_top10_20260707_id0_k4_t1.npy
0,STRAIGHT,VELODYNE64_R30,MAPPO,4,100.0,100.0,2,2,journal_r30_top10_20260707,,100.0,,,results/journal_r30_top10_20260707/mappo/mappo_velodyne64_r30_journal_r30_top10_20260707_id0_k4_t2.npy
0,STRAIGHT,VELODYNE64_R30,MAPPO,4,100.0,100.0,3,3,journal_r30_top10_20260707,,100.0,,,results/journal_r30_top10_20260707/mappo/mappo_velodyne64_r30_journal_r30_top10_20260707_id0_k4_t3.npy
0,STRAIGHT,VELODYNE64_R30,MAPPO,4,100.0,100.0,4,4,journal_r30_top10_20260707,,100.0,,,results/journal_r30_top10_20260707/mappo/mappo_velodyne64_r30_journal_r30_top10_20260707_id0_k4_t4.npy
0,STRAIGHT,VELODYNE64_R30,MAPPO,5,100.0,100.0,0,0,journal_r30_top10_20260707,,100.0,,,results/journal_r30_top10_20260707/mappo/mappo_velodyne64_r30_journal_r30_top10_20260707_id0_k5_t0.npy
0,STRAIGHT,VELODYNE64_R30,MAPPO,5,100.0,100.0,1,1,journal_r30_top10_20260707,,100.0,,,results/journal_r30_top10_20260707/mappo/mappo_velodyne64_r30_journal_r30_top10_20260707_id0_k5_t1.npy
0,STRAIGHT,VELODYNE64_R30,MAPPO,5,100.0,100.0,2,2,journal_r30_top10_20260707,,100.0,,,results/journal_r30_top10_20260707/mappo/mappo_velodyne64_r30_journal_r30_top10_20260707_id0_k5_t2.npy
0,STRAIGHT,VELODYNE64_R30,MAPPO,5,100.0,100.0,3,3,journal_r30_top10_20260707,,100.0,,,results/journal_r30_top10_20260707/mappo/mappo_velodyne64_r30_journal_r30_top10_20260707_id0_k5_t3.npy
0,STRAIGHT,VELODYNE64_R30,MAPPO,5,100.0,100.0,4,4,journal_r30_top10_20260707,,100.0,,,results/journal_r30_top10_20260707/mappo/mappo_velodyne64_r30_journal_r30_top10_20260707_id0_k5_t4.npy
0,STRAIGHT,VELODYNE64_R30,MAPPO,6,100.0,100.0,0,0,journal_r30_top10_20260707,,100.0,,,results/journal_r30_top10_20260707/mappo/mappo_velodyne64_r30_journal_r30_top10_20260707_id0_k6_t0.npy
0,STRAIGHT,VELODYNE64_R30,MAPPO,6,100.0,100.0,1,1,journal_r30_top10_20260707,,100.0,,,results/journal_r30_top10_20260707/mappo/mappo_velodyne64_r30_journal_r30_top10_20260707_id0_k6_t1.npy
0,STRAIGHT,VELODYNE64_R30,MAPPO,6,100.0,100.0,2,2,journal_r30_top10_20260707,,100.0,,,results/journal_r30_top10_20260707/mappo/mappo_velodyne64_r30_journal_r30_top10_20260707_id0_k6_t2.npy
0,STRAIGHT,VELODYNE64_R30,MAPPO,6,100.0,100.0,3,3,journal_r30_top10_20260707,,100.0,,,results/journal_r30_top10_20260707/mappo/mappo_velodyne64_r30_journal_r30_top10_20260707_id0_k6_t3.npy
0,STRAIGHT,VELODYNE64_R30,MAPPO,6,100.0,100.0,4,4,journal_r30_top10_20260707,,100.0,,,results/journal_r30_top10_20260707/mappo/mappo_velodyne64_r30_journal_r30_top10_20260707_id0_k6_t4.npy
1,T_JUNCTION,VELODYNE64_R30,MAPPO,1,59.65011286681715,59.65011286681715,0,0,journal_r30_top10_20260707,,59.65011286681715,,,results/journal_r30_top10_20260707/mappo/mappo_velodyne64_r30_journal_r30_top10_20260707_id1_k1_t0.npy
1,T_JUNCTION,VELODYNE64_R30,MAPPO,1,54.00677200902935,54.00677200902935,1,1,journal_r30_top10_20260707,,54.00677200902935,,,results/journal_r30_top10_20260707/mappo/mappo_velodyne64_r30_journal_r30_top10_20260707_id1_k1_t1.npy
1,T_JUNCTION,VELODYNE64_R30,MAPPO,1,59.65011286681715,59.65011286681715,2,2,journal_r30_top10_20260707,,59.65011286681715,,,results/journal_r30_top10_20260707/mappo/mappo_velodyne64_r30_journal_r30_top10_20260707_id1_k1_t2.npy
1,T_JUNCTION,VELODYNE64_R30,MAPPO,1,53.74341610233259,53.74341610233259,3,3,journal_r30_top10_20260707,,53.74341610233259,,,results/journal_r30_top10_20260707/mappo/mappo_velodyne64_r30_journal_r30_top10_20260707_id1_k1_t3.npy
1,T_JUNCTION,VELODYNE64_R30,MAPPO,1,53.74341610233259,53.74341610233259,4,4,journal_r30_top10_20260707,,53.74341610233259,,,results/journal_r30_top10_20260707/mappo/mappo_velodyne64_r30_journal_r30_top10_20260707_id1_k1_t4.npy
1,T_JUNCTION,VELODYNE64_R30,MAPPO,2,77.49247554552295,77.49247554552295,0,0,journal_r30_top10_20260707,,77.49247554552295,,,results/journal_r30_top10_20260707/mappo/mappo_velodyne64_r30_journal_r30_top10_20260707_id1_k2_t0.npy
1,T_JUNCTION,VELODYNE64_R30,MAPPO,2,78.2543265613243,78.2543265613243,1,1,journal_r30_top10_20260707,,78.2543265613243,,,results/journal_r30_top10_20260707/mappo/mappo_velodyne64_r30_journal_r30_top10_20260707_id1_k2_t1.npy
1,T_JUNCTION,VELODYNE64_R30,MAPPO,2,78.65876598946576,78.65876598946576,2,2,journal_r30_top10_20260707,,78.65876598946576,,,results/journal_r30_top10_20260707/mappo/mappo_velodyne64_r30_journal_r30_top10_20260707_id1_k2_t2.npy
1,T_JUNCTION,VELODYNE64_R30,MAPPO,2,76.27915726109858,76.27915726109858,3,3,journal_r30_top10_20260707,,76.27915726109858,,,results/journal_r30_top10_20260707/mappo/mappo_velodyne64_r30_journal_r30_top10_20260707_id1_k2_t3.npy
1,T_JUNCTION,VELODYNE64_R30,MAPPO,2,79.59932279909707,79.59932279909707,4,4,journal_r30_top10_20260707,,79.59932279909707,,,results/journal_r30_top10_20260707/mappo/mappo_velodyne64_r30_journal_r30_top10_20260707_id1_k2_t4.npy
1,T_JUNCTION,VELODYNE64_R30,MAPPO,3,97.33822422874341,97.33822422874341,0,0,journal_r30_top10_20260707,,97.33822422874341,,,results/journal_r30_top10_20260707/mappo/mappo_velodyne64_r30_journal_r30_top10_20260707_id1_k3_t0.npy
1,T_JUNCTION,VELODYNE64_R30,MAPPO,3,98.36343115124153,98.36343115124153,1,1,journal_r30_top10_20260707,,98.36343115124153,,,results/journal_r30_top10_20260707/mappo/mappo_velodyne64_r30_journal_r30_top10_20260707_id1_k3_t1.npy
1,T_JUNCTION,VELODYNE64_R30,MAPPO,3,98.25996990218209,98.25996990218209,2,2,journal_r30_top10_20260707,,98.25996990218209,,,results/journal_r30_top10_20260707/mappo/mappo_velodyne64_r30_journal_r30_top10_20260707_id1_k3_t2.npy
1,T_JUNCTION,VELODYNE64_R30,MAPPO,3,97.65801354401806,97.65801354401806,3,3,journal_r30_top10_20260707,,97.65801354401806,,,results/journal_r30_top10_20260707/mappo/mappo_velodyne64_r30_journal_r30_top10_20260707_id1_k3_t3.npy
1,T_JUNCTION,VELODYNE64_R30,MAPPO,3,96.21896162528216,96.21896162528216,4,4,journal_r30_top10_20260707,,96.21896162528216,,,results/journal_r30_top10_20260707/mappo/mappo_velodyne64_r30_journal_r30_top10_20260707_id1_k3_t4.npy
1,T_JUNCTION,VELODYNE64_R30,MAPPO,4,97.72385252069225,97.72385252069225,0,0,journal_r30_top10_20260707,,97.72385252069225,,,results/journal_r30_top10_20260707/mappo/mappo_velodyne64_r30_journal_r30_top10_20260707_id1_k4_t0.npy
1,T_JUNCTION,VELODYNE64_R30,MAPPO,4,99.59556057185854,99.59556057185854,1,1,journal_r30_top10_20260707,,99.59556057185854,,,results/journal_r30_top10_20260707/mappo/mappo_velodyne64_r30_journal_r30_top10_20260707_id1_k4_t1.npy
1,T_JUNCTION,VELODYNE64_R30,MAPPO,4,99.7178329571106,99.7178329571106,2,2,journal_r30_top10_20260707,,99.7178329571106,,,results/journal_r30_top10_20260707/mappo/mappo_velodyne64_r30_journal_r30_top10_20260707_id1_k4_t2.npy
1,T_JUNCTION,VELODYNE64_R30,MAPPO,4,99.69902182091799,99.69902182091799,3,3,journal_r30_top10_20260707,,99.69902182091799,,,results/journal_r30_top10_20260707/mappo/mappo_velodyne64_r30_journal_r30_top10_20260707_id1_k4_t3.npy
1,T_JUNCTION,VELODYNE64_R30,MAPPO,4,99.36982693754702,99.36982693754702,4,4,journal_r30_top10_20260707,,99.36982693754702,,,results/journal_r30_top10_20260707/mappo/mappo_velodyne64_r30_journal_r30_top10_20260707_id1_k4_t4.npy
1,T_JUNCTION,VELODYNE64_R30,MAPPO,5,99.84951091045899,99.84951091045899,0,0,journal_r30_top10_20260707,,99.84951091045899,,,results/journal_r30_top10_20260707/mappo/mappo_velodyne64_r30_journal_r30_top10_20260707_id1_k5_t0.npy
1,T_JUNCTION,VELODYNE64_R30,MAPPO,5,99.91534988713319,99.91534988713319,1,1,journal_r30_top10_20260707,,99.91534988713319,,,results/journal_r30_top10_20260707/mappo/mappo_velodyne64_r30_journal_r30_top10_20260707_id1_k5_t1.npy
1,T_JUNCTION,VELODYNE64_R30,MAPPO,5,99.91534988713319,99.91534988713319,2,2,journal_r30_top10_20260707,,99.91534988713319,,,results/journal_r30_top10_20260707/mappo/mappo_velodyne64_r30_journal_r30_top10_20260707_id1_k5_t2.npy
1,T_JUNCTION,VELODYNE64_R30,MAPPO,5,99.91534988713319,99.91534988713319,3,3,journal_r30_top10_20260707,,99.91534988713319,,,results/journal_r30_top10_20260707/mappo/mappo_velodyne64_r30_journal_r30_top10_20260707_id1_k5_t3.npy
1,T_JUNCTION,VELODYNE64_R30,MAPPO,5,100.0,100.0,4,4,journal_r30_top10_20260707,,100.0,,,results/journal_r30_top10_20260707/mappo/mappo_velodyne64_r30_journal_r30_top10_20260707_id1_k5_t4.npy
1,T_JUNCTION,VELODYNE64_R30,MAPPO,6,99.9247554552295,99.9247554552295,0,0,journal_r30_top10_20260707,,99.9247554552295,,,results/journal_r30_top10_20260707/mappo/mappo_velodyne64_r30_journal_r30_top10_20260707_id1_k6_t0.npy
1,T_JUNCTION,VELODYNE64_R30,MAPPO,6,100.0,100.0,1,1,journal_r30_top10_20260707,,100.0,,,results/journal_r30_top10_20260707/mappo/mappo_velodyne64_r30_journal_r30_top10_20260707_id1_k6_t1.npy
1,T_JUNCTION,VELODYNE64_R30,MAPPO,6,100.0,100.0,2,2,journal_r30_top10_20260707,,100.0,,,results/journal_r30_top10_20260707/mappo/mappo_velodyne64_r30_journal_r30_top10_20260707_id1_k6_t2.npy
1,T_JUNCTION,VELODYNE64_R30,MAPPO,6,100.0,100.0,3,3,journal_r30_top10_20260707,,100.0,,,results/journal_r30_top10_20260707/mappo/mappo_velodyne64_r30_journal_r30_top10_20260707_id1_k6_t3.npy
1,T_JUNCTION,VELODYNE64_R30,MAPPO,6,100.0,100.0,4,4,journal_r30_top10_20260707,,100.0,,,results/journal_r30_top10_20260707/mappo/mappo_velodyne64_r30_journal_r30_top10_20260707_id1_k6_t4.npy
2,CROSS,VELODYNE64_R30,MAPPO,1,54.96423462088698,54.96423462088698,0,0,journal_r30_top10_20260707,,54.96423462088698,,,results/journal_r30_top10_20260707/mappo/mappo_velodyne64_r30_journal_r30_top10_20260707_id2_k1_t0.npy
2,CROSS,VELODYNE64_R30,MAPPO,1,54.96423462088698,54.96423462088698,1,1,journal_r30_top10_20260707,,54.96423462088698,,,results/journal_r30_top10_20260707/mappo/mappo_velodyne64_r30_journal_r30_top10_20260707_id2_k1_t1.npy
2,CROSS,VELODYNE64_R30,MAPPO,1,54.96423462088698,54.96423462088698,2,2,journal_r30_top10_20260707,,54.96423462088698,,,results/journal_r30_top10_20260707/mappo/mappo_velodyne64_r30_journal_r30_top10_20260707_id2_k1_t2.npy
2,CROSS,VELODYNE64_R30,MAPPO,1,54.96423462088698,54.96423462088698,3,3,journal_r30_top10_20260707,,54.96423462088698,,,results/journal_r30_top10_20260707/mappo/mappo_velodyne64_r30_journal_r30_top10_20260707_id2_k1_t3.npy
2,CROSS,VELODYNE64_R30,MAPPO,1,54.96423462088698,54.96423462088698,4,4,journal_r30_top10_20260707,,54.96423462088698,,,results/journal_r30_top10_20260707/mappo/mappo_velodyne64_r30_journal_r30_top10_20260707_id2_k1_t4.npy
2,CROSS,VELODYNE64_R30,MAPPO,2,71.16595135908442,71.16595135908442,0,0,journal_r30_top10_20260707,,71.16595135908442,,,results/journal_r30_top10_20260707/mappo/mappo_velodyne64_r30_journal_r30_top10_20260707_id2_k2_t0.npy
2,CROSS,VELODYNE64_R30,MAPPO,2,70.1788268955651,70.1788268955651,1,1,journal_r30_top10_20260707,,70.1788268955651,,,results/journal_r30_top10_20260707/mappo/mappo_velodyne64_r30_journal_r30_top10_20260707_id2_k2_t1.npy
2,CROSS,VELODYNE64_R30,MAPPO,2,70.86552217453504,70.86552217453504,2,2,journal_r30_top10_20260707,,70.86552217453504,,,results/journal_r30_top10_20260707/mappo/mappo_velodyne64_r30_journal_r30_top10_20260707_id2_k2_t2.npy
2,CROSS,VELODYNE64_R30,MAPPO,2,71.27324749642347,71.27324749642347,3,3,journal_r30_top10_20260707,,71.27324749642347,,,results/journal_r30_top10_20260707/mappo/mappo_velodyne64_r30_journal_r30_top10_20260707_id2_k2_t3.npy
2,CROSS,VELODYNE64_R30,MAPPO,2,71.27324749642347,71.27324749642347,4,4,journal_r30_top10_20260707,,71.27324749642347,,,results/journal_r30_top10_20260707/mappo/mappo_velodyne64_r30_journal_r30_top10_20260707_id2_k2_t4.npy
2,CROSS,VELODYNE64_R30,MAPPO,3,82.9041487839771,82.9041487839771,0,0,journal_r30_top10_20260707,,82.9041487839771,,,results/journal_r30_top10_20260707/mappo/mappo_velodyne64_r30_journal_r30_top10_20260707_id2_k3_t0.npy
2,CROSS,VELODYNE64_R30,MAPPO,3,83.29756795422031,83.29756795422031,1,1,journal_r30_top10_20260707,,83.29756795422031,,,results/journal_r30_top10_20260707/mappo/mappo_velodyne64_r30_journal_r30_top10_20260707_id2_k3_t1.npy
2,CROSS,VELODYNE64_R30,MAPPO,3,84.35622317596567,84.35622317596567,2,2,journal_r30_top10_20260707,,84.35622317596567,,,results/journal_r30_top10_20260707/mappo/mappo_velodyne64_r30_journal_r30_top10_20260707_id2_k3_t2.npy
2,CROSS,VELODYNE64_R30,MAPPO,3,82.6680972818312,82.6680972818312,3,3,journal_r30_top10_20260707,,82.6680972818312,,,results/journal_r30_top10_20260707/mappo/mappo_velodyne64_r30_journal_r30_top10_20260707_id2_k3_t3.npy
2,CROSS,VELODYNE64_R30,MAPPO,3,83.068669527897,83.068669527897,4,4,journal_r30_top10_20260707,,83.068669527897,,,results/journal_r30_top10_20260707/mappo/mappo_velodyne64_r30_journal_r30_top10_20260707_id2_k3_t4.npy
2,CROSS,VELODYNE64_R30,MAPPO,4,91.88125894134478,91.88125894134478,0,0,journal_r30_top10_20260707,,91.88125894134478,,,results/journal_r30_top10_20260707/mappo/mappo_velodyne64_r30_journal_r30_top10_20260707_id2_k4_t0.npy
2,CROSS,VELODYNE64_R30,MAPPO,4,96.25178826895565,96.25178826895565,1,1,journal_r30_top10_20260707,,96.25178826895565,,,results/journal_r30_top10_20260707/mappo/mappo_velodyne64_r30_journal_r30_top10_20260707_id2_k4_t1.npy
2,CROSS,VELODYNE64_R30,MAPPO,4,98.15450643776825,98.15450643776825,2,2,journal_r30_top10_20260707,,98.15450643776825,,,results/journal_r30_top10_20260707/mappo/mappo_velodyne64_r30_journal_r30_top10_20260707_id2_k4_t2.npy
2,CROSS,VELODYNE64_R30,MAPPO,4,96.931330472103,96.931330472103,3,3,journal_r30_top10_20260707,,96.931330472103,,,results/journal_r30_top10_20260707/mappo/mappo_velodyne64_r30_journal_r30_top10_20260707_id2_k4_t3.npy
2,CROSS,VELODYNE64_R30,MAPPO,4,96.37339055793991,96.37339055793991,4,4,journal_r30_top10_20260707,,96.37339055793991,,,results/journal_r30_top10_20260707/mappo/mappo_velodyne64_r30_journal_r30_top10_20260707_id2_k4_t4.npy
2,CROSS,VELODYNE64_R30,MAPPO,5,98.86981402002861,98.86981402002861,0,0,journal_r30_top10_20260707,,98.86981402002861,,,results/journal_r30_top10_20260707/mappo/mappo_velodyne64_r30_journal_r30_top10_20260707_id2_k5_t0.npy
2,CROSS,VELODYNE64_R30,MAPPO,5,98.6480686695279,98.6480686695279,1,1,journal_r30_top10_20260707,,98.6480686695279,,,results/journal_r30_top10_20260707/mappo/mappo_velodyne64_r30_journal_r30_top10_20260707_id2_k5_t1.npy
2,CROSS,VELODYNE64_R30,MAPPO,5,98.93419170243205,98.93419170243205,2,2,journal_r30_top10_20260707,,98.93419170243205,,,results/journal_r30_top10_20260707/mappo/mappo_velodyne64_r30_journal_r30_top10_20260707_id2_k5_t2.npy
2,CROSS,VELODYNE64_R30,MAPPO,5,93.91273247496423,93.91273247496423,3,3,journal_r30_top10_20260707,,93.91273247496423,,,results/journal_r30_top10_20260707/mappo/mappo_velodyne64_r30_journal_r30_top10_20260707_id2_k5_t3.npy
2,CROSS,VELODYNE64_R30,MAPPO,5,98.86981402002861,98.86981402002861,4,4,journal_r30_top10_20260707,,98.86981402002861,,,results/journal_r30_top10_20260707/mappo/mappo_velodyne64_r30_journal_r30_top10_20260707_id2_k5_t4.npy
2,CROSS,VELODYNE64_R30,MAPPO,6,98.6337625178827,98.6337625178827,0,0,journal_r30_top10_20260707,,98.6337625178827,,,results/journal_r30_top10_20260707/mappo/mappo_velodyne64_r30_journal_r30_top10_20260707_id2_k6_t0.npy
2,CROSS,VELODYNE64_R30,MAPPO,6,99.74248927038627,99.74248927038627,1,1,journal_r30_top10_20260707,,99.74248927038627,,,results/journal_r30_top10_20260707/mappo/mappo_velodyne64_r30_journal_r30_top10_20260707_id2_k6_t1.npy
2,CROSS,VELODYNE64_R30,MAPPO,6,99.11301859799714,99.11301859799714,2,2,journal_r30_top10_20260707,,99.11301859799714,,,results/journal_r30_top10_20260707/mappo/mappo_velodyne64_r30_journal_r30_top10_20260707_id2_k6_t2.npy
2,CROSS,VELODYNE64_R30,MAPPO,6,99.31330472103004,99.31330472103004,3,3,journal_r30_top10_20260707,,99.31330472103004,,,results/journal_r30_top10_20260707/mappo/mappo_velodyne64_r30_journal_r30_top10_20260707_id2_k6_t3.npy
2,CROSS,VELODYNE64_R30,MAPPO,6,99.4277539341917,99.4277539341917,4,4,journal_r30_top10_20260707,,99.4277539341917,,,results/journal_r30_top10_20260707/mappo/mappo_velodyne64_r30_journal_r30_top10_20260707_id2_k6_t4.npy
3,STRAIGHT,VELODYNE64_R30,MAPPO,1,51.758333333333326,51.758333333333326,0,0,journal_r30_top10_20260707,,51.758333333333326,,,results/journal_r30_top10_20260707/mappo/mappo_velodyne64_r30_journal_r30_top10_20260707_id3_k1_t0.npy
3,STRAIGHT,VELODYNE64_R30,MAPPO,1,52.175000000000004,52.175000000000004,1,1,journal_r30_top10_20260707,,52.175000000000004,,,results/journal_r30_top10_20260707/mappo/mappo_velodyne64_r30_journal_r30_top10_20260707_id3_k1_t1.npy
3,STRAIGHT,VELODYNE64_R30,MAPPO,1,52.175000000000004,52.175000000000004,2,2,journal_r30_top10_20260707,,52.175000000000004,,,results/journal_r30_top10_20260707/mappo/mappo_velodyne64_r30_journal_r30_top10_20260707_id3_k1_t2.npy
3,STRAIGHT,VELODYNE64_R30,MAPPO,1,51.758333333333326,51.758333333333326,3,3,journal_r30_top10_20260707,,51.758333333333326,,,results/journal_r30_top10_20260707/mappo/mappo_velodyne64_r30_journal_r30_top10_20260707_id3_k1_t3.npy
3,STRAIGHT,VELODYNE64_R30,MAPPO,1,51.758333333333326,51.758333333333326,4,4,journal_r30_top10_20260707,,51.758333333333326,,,results/journal_r30_top10_20260707/mappo/mappo_velodyne64_r30_journal_r30_top10_20260707_id3_k1_t4.npy
3,STRAIGHT,VELODYNE64_R30,MAPPO,2,95.87916666666668,95.87916666666668,0,0,journal_r30_top10_20260707,,95.87916666666668,,,results/journal_r30_top10_20260707/mappo/mappo_velodyne64_r30_journal_r30_top10_20260707_id3_k2_t0.npy
3,STRAIGHT,VELODYNE64_R30,MAPPO,2,96.74166666666667,96.74166666666667,1,1,journal_r30_top10_20260707,,96.74166666666667,,,results/journal_r30_top10_20260707/mappo/mappo_velodyne64_r30_journal_r30_top10_20260707_id3_k2_t1.npy
3,STRAIGHT,VELODYNE64_R30,MAPPO,2,95.95,95.95,2,2,journal_r30_top10_20260707,,95.95,,,results/journal_r30_top10_20260707/mappo/mappo_velodyne64_r30_journal_r30_top10_20260707_id3_k2_t2.npy
3,STRAIGHT,VELODYNE64_R30,MAPPO,2,96.15,96.15,3,3,journal_r30_top10_20260707,,96.15,,,results/journal_r30_top10_20260707/mappo/mappo_velodyne64_r30_journal_r30_top10_20260707_id3_k2_t3.npy
3,STRAIGHT,VELODYNE64_R30,MAPPO,2,96.41666666666666,96.41666666666666,4,4,journal_r30_top10_20260707,,96.41666666666666,,,results/journal_r30_top10_20260707/mappo/mappo_velodyne64_r30_journal_r30_top10_20260707_id3_k2_t4.npy
3,STRAIGHT,VELODYNE64_R30,MAPPO,3,99.65416666666667,99.65416666666667,0,0,journal_r30_top10_20260707,,99.65416666666667,,,results/journal_r30_top10_20260707/mappo/mappo_velodyne64_r30_journal_r30_top10_20260707_id3_k3_t0.npy
3,STRAIGHT,VELODYNE64_R30,MAPPO,3,98.91666666666666,98.91666666666666,1,1,journal_r30_top10_20260707,,98.91666666666666,,,results/journal_r30_top10_20260707/mappo/mappo_velodyne64_r30_journal_r30_top10_20260707_id3_k3_t1.npy
3,STRAIGHT,VELODYNE64_R30,MAPPO,3,98.52916666666667,98.52916666666667,2,2,journal_r30_top10_20260707,,98.52916666666667,,,results/journal_r30_top10_20260707/mappo/mappo_velodyne64_r30_journal_r30_top10_20260707_id3_k3_t2.npy
3,STRAIGHT,VELODYNE64_R30,MAPPO,3,99.52916666666667,99.52916666666667,3,3,journal_r30_top10_20260707,,99.52916666666667,,,results/journal_r30_top10_20260707/mappo/mappo_velodyne64_r30_journal_r30_top10_20260707_id3_k3_t3.npy
3,STRAIGHT,VELODYNE64_R30,MAPPO,3,99.3,99.3,4,4,journal_r30_top10_20260707,,99.3,,,results/journal_r30_top10_20260707/mappo/mappo_velodyne64_r30_journal_r30_top10_20260707_id3_k3_t4.npy
3,STRAIGHT,VELODYNE64_R30,MAPPO,4,99.9375,99.9375,0,0,journal_r30_top10_20260707,,99.9375,,,results/journal_r30_top10_20260707/mappo/mappo_velodyne64_r30_journal_r30_top10_20260707_id3_k4_t0.npy
3,STRAIGHT,VELODYNE64_R30,MAPPO,4,99.72083333333333,99.72083333333333,1,1,journal_r30_top10_20260707,,99.72083333333333,,,results/journal_r30_top10_20260707/mappo/mappo_velodyne64_r30_journal_r30_top10_20260707_id3_k4_t1.npy
3,STRAIGHT,VELODYNE64_R30,MAPPO,4,99.925,99.925,2,2,journal_r30_top10_20260707,,99.925,,,results/journal_r30_top10_20260707/mappo/mappo_velodyne64_r30_journal_r30_top10_20260707_id3_k4_t2.npy
3,STRAIGHT,VELODYNE64_R30,MAPPO,4,99.9,99.9,3,3,journal_r30_top10_20260707,,99.9,,,results/journal_r30_top10_20260707/mappo/mappo_velodyne64_r30_journal_r30_top10_20260707_id3_k4_t3.npy
3,STRAIGHT,VELODYNE64_R30,MAPPO,4,100.0,100.0,4,4,journal_r30_top10_20260707,,100.0,,,results/journal_r30_top10_20260707/mappo/mappo_velodyne64_r30_journal_r30_top10_20260707_id3_k4_t4.npy
3,STRAIGHT,VELODYNE64_R30,MAPPO,5,100.0,100.0,0,0,journal_r30_top10_20260707,,100.0,,,results/journal_r30_top10_20260707/mappo/mappo_velodyne64_r30_journal_r30_top10_20260707_id3_k5_t0.npy
3,STRAIGHT,VELODYNE64_R30,MAPPO,5,100.0,100.0,1,1,journal_r30_top10_20260707,,100.0,,,results/journal_r30_top10_20260707/mappo/mappo_velodyne64_r30_journal_r30_top10_20260707_id3_k5_t1.npy
3,STRAIGHT,VELODYNE64_R30,MAPPO,5,100.0,100.0,2,2,journal_r30_top10_20260707,,100.0,,,results/journal_r30_top10_20260707/mappo/mappo_velodyne64_r30_journal_r30_top10_20260707_id3_k5_t2.npy
3,STRAIGHT,VELODYNE64_R30,MAPPO,5,100.0,100.0,3,3,journal_r30_top10_20260707,,100.0,,,results/journal_r30_top10_20260707/mappo/mappo_velodyne64_r30_journal_r30_top10_20260707_id3_k5_t3.npy
3,STRAIGHT,VELODYNE64_R30,MAPPO,5,100.0,100.0,4,4,journal_r30_top10_20260707,,100.0,,,results/journal_r30_top10_20260707/mappo/mappo_velodyne64_r30_journal_r30_top10_20260707_id3_k5_t4.npy
3,STRAIGHT,VELODYNE64_R30,MAPPO,6,100.0,100.0,0,0,journal_r30_top10_20260707,,100.0,,,results/journal_r30_top10_20260707/mappo/mappo_velodyne64_r30_journal_r30_top10_20260707_id3_k6_t0.npy
3,STRAIGHT,VELODYNE64_R30,MAPPO,6,100.0,100.0,1,1,journal_r30_top10_20260707,,100.0,,,results/journal_r30_top10_20260707/mappo/mappo_velodyne64_r30_journal_r30_top10_20260707_id3_k6_t1.npy
3,STRAIGHT,VELODYNE64_R30,MAPPO,6,100.0,100.0,2,2,journal_r30_top10_20260707,,100.0,,,results/journal_r30_top10_20260707/mappo/mappo_velodyne64_r30_journal_r30_top10_20260707_id3_k6_t2.npy
3,STRAIGHT,VELODYNE64_R30,MAPPO,6,100.0,100.0,3,3,journal_r30_top10_20260707,,100.0,,,results/journal_r30_top10_20260707/mappo/mappo_velodyne64_r30_journal_r30_top10_20260707_id3_k6_t3.npy
3,STRAIGHT,VELODYNE64_R30,MAPPO,6,100.0,100.0,4,4,journal_r30_top10_20260707,,100.0,,,results/journal_r30_top10_20260707/mappo/mappo_velodyne64_r30_journal_r30_top10_20260707_id3_k6_t4.npy
6,CROSS,VELODYNE64_R30,MAPPO,1,46.10987688605017,46.10987688605017,0,0,journal_r30_top10_20260707,,46.10987688605017,,,results/journal_r30_top10_20260707/mappo/mappo_velodyne64_r30_journal_r30_top10_20260707_id6_k1_t0.npy
6,CROSS,VELODYNE64_R30,MAPPO,1,46.14921780986763,46.14921780986763,1,1,journal_r30_top10_20260707,,46.14921780986763,,,results/journal_r30_top10_20260707/mappo/mappo_velodyne64_r30_journal_r30_top10_20260707_id6_k1_t1.npy
6,CROSS,VELODYNE64_R30,MAPPO,1,46.05665093029714,46.05665093029714,2,2,journal_r30_top10_20260707,,46.05665093029714,,,results/journal_r30_top10_20260707/mappo/mappo_velodyne64_r30_journal_r30_top10_20260707_id6_k1_t2.npy
6,CROSS,VELODYNE64_R30,MAPPO,1,46.10987688605017,46.10987688605017,3,3,journal_r30_top10_20260707,,46.10987688605017,,,results/journal_r30_top10_20260707/mappo/mappo_velodyne64_r30_journal_r30_top10_20260707_id6_k1_t3.npy
6,CROSS,VELODYNE64_R30,MAPPO,1,46.10987688605017,46.10987688605017,4,4,journal_r30_top10_20260707,,46.10987688605017,,,results/journal_r30_top10_20260707/mappo/mappo_velodyne64_r30_journal_r30_top10_20260707_id6_k1_t4.npy
6,CROSS,VELODYNE64_R30,MAPPO,2,74.97222993612885,74.97222993612885,0,0,journal_r30_top10_20260707,,74.97222993612885,,,results/journal_r30_top10_20260707/mappo/mappo_velodyne64_r30_journal_r30_top10_20260707_id6_k2_t0.npy
6,CROSS,VELODYNE64_R30,MAPPO,2,74.56724983800797,74.56724983800797,1,1,journal_r30_top10_20260707,,74.56724983800797,,,results/journal_r30_top10_20260707/mappo/mappo_velodyne64_r30_journal_r30_top10_20260707_id6_k2_t1.npy
6,CROSS,VELODYNE64_R30,MAPPO,2,74.13681384800518,74.13681384800518,2,2,journal_r30_top10_20260707,,74.13681384800518,,,results/journal_r30_top10_20260707/mappo/mappo_velodyne64_r30_journal_r30_top10_20260707_id6_k2_t2.npy
6,CROSS,VELODYNE64_R30,MAPPO,2,74.338146811071,74.338146811071,3,3,journal_r30_top10_20260707,,74.338146811071,,,results/journal_r30_top10_20260707/mappo/mappo_velodyne64_r30_journal_r30_top10_20260707_id6_k2_t3.npy
6,CROSS,VELODYNE64_R30,MAPPO,2,75.49060446172359,75.49060446172359,4,4,journal_r30_top10_20260707,,75.49060446172359,,,results/journal_r30_top10_20260707/mappo/mappo_velodyne64_r30_journal_r30_top10_20260707_id6_k2_t4.npy
6,CROSS,VELODYNE64_R30,MAPPO,3,87.1285753957234,87.1285753957234,0,0,journal_r30_top10_20260707,,87.1285753957234,,,results/journal_r30_top10_20260707/mappo/mappo_velodyne64_r30_journal_r30_top10_20260707_id6_k3_t0.npy
6,CROSS,VELODYNE64_R30,MAPPO,3,85.99231694899565,85.99231694899565,1,1,journal_r30_top10_20260707,,85.99231694899565,,,results/journal_r30_top10_20260707/mappo/mappo_velodyne64_r30_journal_r30_top10_20260707_id6_k3_t1.npy
6,CROSS,VELODYNE64_R30,MAPPO,3,86.48292141071924,86.48292141071924,2,2,journal_r30_top10_20260707,,86.48292141071924,,,results/journal_r30_top10_20260707/mappo/mappo_velodyne64_r30_journal_r30_top10_20260707_id6_k3_t2.npy
6,CROSS,VELODYNE64_R30,MAPPO,3,86.30241599555679,86.30241599555679,3,3,journal_r30_top10_20260707,,86.30241599555679,,,results/journal_r30_top10_20260707/mappo/mappo_velodyne64_r30_journal_r30_top10_20260707_id6_k3_t3.npy
6,CROSS,VELODYNE64_R30,MAPPO,3,86.08951217254467,86.08951217254467,4,4,journal_r30_top10_20260707,,86.08951217254467,,,results/journal_r30_top10_20260707/mappo/mappo_velodyne64_r30_journal_r30_top10_20260707_id6_k3_t4.npy
6,CROSS,VELODYNE64_R30,MAPPO,4,94.77459964824587,94.77459964824587,0,0,journal_r30_top10_20260707,,94.77459964824587,,,results/journal_r30_top10_20260707/mappo/mappo_velodyne64_r30_journal_r30_top10_20260707_id6_k4_t0.npy
6,CROSS,VELODYNE64_R30,MAPPO,4,96.6166805516986,96.6166805516986,1,1,journal_r30_top10_20260707,,96.6166805516986,,,results/journal_r30_top10_20260707/mappo/mappo_velodyne64_r30_journal_r30_top10_20260707_id6_k4_t1.npy
6,CROSS,VELODYNE64_R30,MAPPO,4,95.84606127927428,95.84606127927428,2,2,journal_r30_top10_20260707,,95.84606127927428,,,results/journal_r30_top10_20260707/mappo/mappo_velodyne64_r30_journal_r30_top10_20260707_id6_k4_t2.npy
6,CROSS,VELODYNE64_R30,MAPPO,4,97.30861797648801,97.30861797648801,3,3,journal_r30_top10_20260707,,97.30861797648801,,,results/journal_r30_top10_20260707/mappo/mappo_velodyne64_r30_journal_r30_top10_20260707_id6_k4_t3.npy
6,CROSS,VELODYNE64_R30,MAPPO,4,94.90187910765529,94.90187910765529,4,4,journal_r30_top10_20260707,,94.90187910765529,,,results/journal_r30_top10_20260707/mappo/mappo_velodyne64_r30_journal_r30_top10_20260707_id6_k4_t4.npy
6,CROSS,VELODYNE64_R30,MAPPO,5,98.50041655095806,98.50041655095806,0,0,journal_r30_top10_20260707,,98.50041655095806,,,results/journal_r30_top10_20260707/mappo/mappo_velodyne64_r30_journal_r30_top10_20260707_id6_k5_t0.npy
6,CROSS,VELODYNE64_R30,MAPPO,5,98.61612515042117,98.61612515042117,1,1,journal_r30_top10_20260707,,98.61612515042117,,,results/journal_r30_top10_20260707/mappo/mappo_velodyne64_r30_journal_r30_top10_20260707_id6_k5_t1.npy
6,CROSS,VELODYNE64_R30,MAPPO,5,98.93316671295011,98.93316671295011,2,2,journal_r30_top10_20260707,,98.93316671295011,,,results/journal_r30_top10_20260707/mappo/mappo_velodyne64_r30_journal_r30_top10_20260707_id6_k5_t2.npy
6,CROSS,VELODYNE64_R30,MAPPO,5,98.97482180875683,98.97482180875683,3,3,journal_r30_top10_20260707,,98.97482180875683,,,results/journal_r30_top10_20260707/mappo/mappo_velodyne64_r30_journal_r30_top10_20260707_id6_k5_t3.npy
6,CROSS,VELODYNE64_R30,MAPPO,5,99.07895954827363,99.07895954827363,4,4,journal_r30_top10_20260707,,99.07895954827363,,,results/journal_r30_top10_20260707/mappo/mappo_velodyne64_r30_journal_r30_top10_20260707_id6_k5_t4.npy
6,CROSS,VELODYNE64_R30,MAPPO,6,99.35203184300657,99.35203184300657,0,0,journal_r30_top10_20260707,,99.35203184300657,,,results/journal_r30_top10_20260707/mappo/mappo_velodyne64_r30_journal_r30_top10_20260707_id6_k6_t0.npy
6,CROSS,VELODYNE64_R30,MAPPO,6,99.21780986762936,99.21780986762936,1,1,journal_r30_top10_20260707,,99.21780986762936,,,results/journal_r30_top10_20260707/mappo/mappo_velodyne64_r30_journal_r30_top10_20260707_id6_k6_t1.npy
6,CROSS,VELODYNE64_R30,MAPPO,6,99.18309728779043,99.18309728779043,2,2,journal_r30_top10_20260707,,99.18309728779043,,,results/journal_r30_top10_20260707/mappo/mappo_velodyne64_r30_journal_r30_top10_20260707_id6_k6_t2.npy
6,CROSS,VELODYNE64_R30,MAPPO,6,99.78246783300935,99.78246783300935,3,3,journal_r30_top10_20260707,,99.78246783300935,,,results/journal_r30_top10_20260707/mappo/mappo_velodyne64_r30_journal_r30_top10_20260707_id6_k6_t3.npy
6,CROSS,VELODYNE64_R30,MAPPO,6,99.08127372026289,99.08127372026289,4,4,journal_r30_top10_20260707,,99.08127372026289,,,results/journal_r30_top10_20260707/mappo/mappo_velodyne64_r30_journal_r30_top10_20260707_id6_k6_t4.npy
9,T_JUNCTION,VELODYNE64_R30,MAPPO,1,50.5945945945946,50.5945945945946,0,0,journal_r30_top10_20260707,,50.5945945945946,,,results/journal_r30_top10_20260707/mappo/mappo_velodyne64_r30_journal_r30_top10_20260707_id9_k1_t0.npy
9,T_JUNCTION,VELODYNE64_R30,MAPPO,1,50.5945945945946,50.5945945945946,1,1,journal_r30_top10_20260707,,50.5945945945946,,,results/journal_r30_top10_20260707/mappo/mappo_velodyne64_r30_journal_r30_top10_20260707_id9_k1_t1.npy
9,T_JUNCTION,VELODYNE64_R30,MAPPO,1,33.71846846846847,33.71846846846847,2,2,journal_r30_top10_20260707,,33.71846846846847,,,results/journal_r30_top10_20260707/mappo/mappo_velodyne64_r30_journal_r30_top10_20260707_id9_k1_t2.npy
9,T_JUNCTION,VELODYNE64_R30,MAPPO,1,33.71846846846847,33.71846846846847,3,3,journal_r30_top10_20260707,,33.71846846846847,,,results/journal_r30_top10_20260707/mappo/mappo_velodyne64_r30_journal_r30_top10_20260707_id9_k1_t3.npy
9,T_JUNCTION,VELODYNE64_R30,MAPPO,1,33.71846846846847,33.71846846846847,4,4,journal_r30_top10_20260707,,33.71846846846847,,,results/journal_r30_top10_20260707/mappo/mappo_velodyne64_r30_journal_r30_top10_20260707_id9_k1_t4.npy
9,T_JUNCTION,VELODYNE64_R30,MAPPO,2,75.70945945945947,75.70945945945947,0,0,journal_r30_top10_20260707,,75.70945945945947,,,results/journal_r30_top10_20260707/mappo/mappo_velodyne64_r30_journal_r30_top10_20260707_id9_k2_t0.npy
9,T_JUNCTION,VELODYNE64_R30,MAPPO,2,79.1463963963964,79.1463963963964,1,1,journal_r30_top10_20260707,,79.1463963963964,,,results/journal_r30_top10_20260707/mappo/mappo_velodyne64_r30_journal_r30_top10_20260707_id9_k2_t1.npy
9,T_JUNCTION,VELODYNE64_R30,MAPPO,2,78.5608108108108,78.5608108108108,2,2,journal_r30_top10_20260707,,78.5608108108108,,,results/journal_r30_top10_20260707/mappo/mappo_velodyne64_r30_journal_r30_top10_20260707_id9_k2_t2.npy
9,T_JUNCTION,VELODYNE64_R30,MAPPO,2,79.1036036036036,79.1036036036036,3,3,journal_r30_top10_20260707,,79.1036036036036,,,results/journal_r30_top10_20260707/mappo/mappo_velodyne64_r30_journal_r30_top10_20260707_id9_k2_t3.npy
9,T_JUNCTION,VELODYNE64_R30,MAPPO,2,78.60810810810811,78.60810810810811,4,4,journal_r30_top10_20260707,,78.60810810810811,,,results/journal_r30_top10_20260707/mappo/mappo_velodyne64_r30_journal_r30_top10_20260707_id9_k2_t4.npy
9,T_JUNCTION,VELODYNE64_R30,MAPPO,3,87.89414414414415,87.89414414414415,0,0,journal_r30_top10_20260707,,87.89414414414415,,,results/journal_r30_top10_20260707/mappo/mappo_velodyne64_r30_journal_r30_top10_20260707_id9_k3_t0.npy
9,T_JUNCTION,VELODYNE64_R30,MAPPO,3,88.490990990991,88.490990990991,1,1,journal_r30_top10_20260707,,88.490990990991,,,results/journal_r30_top10_20260707/mappo/mappo_velodyne64_r30_journal_r30_top10_20260707_id9_k3_t1.npy
9,T_JUNCTION,VELODYNE64_R30,MAPPO,3,88.32882882882883,88.32882882882883,2,2,journal_r30_top10_20260707,,88.32882882882883,,,results/journal_r30_top10_20260707/mappo/mappo_velodyne64_r30_journal_r30_top10_20260707_id9_k3_t2.npy
9,T_JUNCTION,VELODYNE64_R30,MAPPO,3,90.08333333333334,90.08333333333334,3,3,journal_r30_top10_20260707,,90.08333333333334,,,results/journal_r30_top10_20260707/mappo/mappo_velodyne64_r30_journal_r30_top10_20260707_id9_k3_t3.npy
9,T_JUNCTION,VELODYNE64_R30,MAPPO,3,87.50225225225225,87.50225225225225,4,4,journal_r30_top10_20260707,,87.50225225225225,,,results/journal_r30_top10_20260707/mappo/mappo_velodyne64_r30_journal_r30_top10_20260707_id9_k3_t4.npy
9,T_JUNCTION,VELODYNE64_R30,MAPPO,4,92.23423423423424,92.23423423423424,0,0,journal_r30_top10_20260707,,92.23423423423424,,,results/journal_r30_top10_20260707/mappo/mappo_velodyne64_r30_journal_r30_top10_20260707_id9_k4_t0.npy
9,T_JUNCTION,VELODYNE64_R30,MAPPO,4,91.77927927927928,91.77927927927928,1,1,journal_r30_top10_20260707,,91.77927927927928,,,results/journal_r30_top10_20260707/mappo/mappo_velodyne64_r30_journal_r30_top10_20260707_id9_k4_t1.npy
9,T_JUNCTION,VELODYNE64_R30,MAPPO,4,94.6036036036036,94.6036036036036,2,2,journal_r30_top10_20260707,,94.6036036036036,,,results/journal_r30_top10_20260707/mappo/mappo_velodyne64_r30_journal_r30_top10_20260707_id9_k4_t2.npy
9,T_JUNCTION,VELODYNE64_R30,MAPPO,4,92.99774774774775,92.99774774774775,3,3,journal_r30_top10_20260707,,92.99774774774775,,,results/journal_r30_top10_20260707/mappo/mappo_velodyne64_r30_journal_r30_top10_20260707_id9_k4_t3.npy
9,T_JUNCTION,VELODYNE64_R30,MAPPO,4,94.86261261261262,94.86261261261262,4,4,journal_r30_top10_20260707,,94.86261261261262,,,results/journal_r30_top10_20260707/mappo/mappo_velodyne64_r30_journal_r30_top10_20260707_id9_k4_t4.npy
9,T_JUNCTION,VELODYNE64_R30,MAPPO,5,96.43468468468468,96.43468468468468,0,0,journal_r30_top10_20260707,,96.43468468468468,,,results/journal_r30_top10_20260707/mappo/mappo_velodyne64_r30_journal_r30_top10_20260707_id9_k5_t0.npy
9,T_JUNCTION,VELODYNE64_R30,MAPPO,5,97.09234234234233,97.09234234234233,1,1,journal_r30_top10_20260707,,97.09234234234233,,,results/journal_r30_top10_20260707/mappo/mappo_velodyne64_r30_journal_r30_top10_20260707_id9_k5_t1.npy
9,T_JUNCTION,VELODYNE64_R30,MAPPO,5,96.00225225225225,96.00225225225225,2,2,journal_r30_top10_20260707,,96.00225225225225,,,results/journal_r30_top10_20260707/mappo/mappo_velodyne64_r30_journal_r30_top10_20260707_id9_k5_t2.npy
9,T_JUNCTION,VELODYNE64_R30,MAPPO,5,96.9572072072072,96.9572072072072,3,3,journal_r30_top10_20260707,,96.9572072072072,,,results/journal_r30_top10_20260707/mappo/mappo_velodyne64_r30_journal_r30_top10_20260707_id9_k5_t3.npy
9,T_JUNCTION,VELODYNE64_R30,MAPPO,5,97.2972972972973,97.2972972972973,4,4,journal_r30_top10_20260707,,97.2972972972973,,,results/journal_r30_top10_20260707/mappo/mappo_velodyne64_r30_journal_r30_top10_20260707_id9_k5_t4.npy
9,T_JUNCTION,VELODYNE64_R30,MAPPO,6,98.00675675675676,98.00675675675676,0,0,journal_r30_top10_20260707,,98.00675675675676,,,results/journal_r30_top10_20260707/mappo/mappo_velodyne64_r30_journal_r30_top10_20260707_id9_k6_t0.npy
9,T_JUNCTION,VELODYNE64_R30,MAPPO,6,96.98648648648648,96.98648648648648,1,1,journal_r30_top10_20260707,,96.98648648648648,,,results/journal_r30_top10_20260707/mappo/mappo_velodyne64_r30_journal_r30_top10_20260707_id9_k6_t1.npy
9,T_JUNCTION,VELODYNE64_R30,MAPPO,6,98.00450450450451,98.00450450450451,2,2,journal_r30_top10_20260707,,98.00450450450451,,,results/journal_r30_top10_20260707/mappo/mappo_velodyne64_r30_journal_r30_top10_20260707_id9_k6_t2.npy
9,T_JUNCTION,VELODYNE64_R30,MAPPO,6,98.08783783783784,98.08783783783784,3,3,journal_r30_top10_20260707,,98.08783783783784,,,results/journal_r30_top10_20260707/mappo/mappo_velodyne64_r30_journal_r30_top10_20260707_id9_k6_t3.npy
9,T_JUNCTION,VELODYNE64_R30,MAPPO,6,98.36711711711712,98.36711711711712,4,4,journal_r30_top10_20260707,,98.36711711711712,,,results/journal_r30_top10_20260707/mappo/mappo_velodyne64_r30_journal_r30_top10_20260707_id9_k6_t4.npy
0,STRAIGHT,VELODYNE64_R30,MAPPO_MEAN,1,58.36944444444444,,,,journal_r30_top10_20260707,0.027216552697595122,,,,
0,STRAIGHT,VELODYNE64_R30,MAPPO_MEAN,2,99.33055555555555,,,,journal_r30_top10_20260707,0.3274244800308267,,,,
0,STRAIGHT,VELODYNE64_R30,MAPPO_MEAN,3,99.91666666666667,,,,journal_r30_top10_20260707,0.05270462766947449,,,,
0,STRAIGHT,VELODYNE64_R30,MAPPO_MEAN,4,100.0,,,,journal_r30_top10_20260707,0.0,,,,
0,STRAIGHT,VELODYNE64_R30,MAPPO_MEAN,5,100.0,,,,journal_r30_top10_20260707,0.0,,,,
0,STRAIGHT,VELODYNE64_R30,MAPPO_MEAN,6,100.0,,,,journal_r30_top10_20260707,0.0,,,,
1,T_JUNCTION,VELODYNE64_R30,MAPPO_MEAN,1,56.15876598946576,,,,journal_r30_top10_20260707,2.852294314490202,,,,
1,T_JUNCTION,VELODYNE64_R30,MAPPO_MEAN,2,78.05680963130173,,,,journal_r30_top10_20260707,1.1188594350732641,,,,
1,T_JUNCTION,VELODYNE64_R30,MAPPO_MEAN,3,97.56772009029345,,,,journal_r30_top10_20260707,0.7736066894447972,,,,
1,T_JUNCTION,VELODYNE64_R30,MAPPO_MEAN,4,99.22121896162528,,,,journal_r30_top10_20260707,0.758846923028911,,,,
1,T_JUNCTION,VELODYNE64_R30,MAPPO_MEAN,5,99.91911211437171,,,,journal_r30_top10_20260707,0.0478113808394996,,,,
1,T_JUNCTION,VELODYNE64_R30,MAPPO_MEAN,6,99.9849510910459,,,,journal_r30_top10_20260707,0.03009781790819943,,,,
2,CROSS,VELODYNE64_R30,MAPPO_MEAN,1,54.96423462088698,,,,journal_r30_top10_20260707,0.0,,,,
2,CROSS,VELODYNE64_R30,MAPPO_MEAN,2,70.95135908440629,,,,journal_r30_top10_20260707,0.4141130526379053,,,,
2,CROSS,VELODYNE64_R30,MAPPO_MEAN,3,83.25894134477825,,,,journal_r30_top10_20260707,0.5859517495886346,,,,
2,CROSS,VELODYNE64_R30,MAPPO_MEAN,4,95.91845493562232,,,,journal_r30_top10_20260707,2.1280447457901484,,,,
2,CROSS,VELODYNE64_R30,MAPPO_MEAN,5,97.84692417739628,,,,journal_r30_top10_20260707,1.9694900243502746,,,,
2,CROSS,VELODYNE64_R30,MAPPO_MEAN,6,99.24606580829757,,,,journal_r30_top10_20260707,0.3678545309793263,,,,
3,STRAIGHT,VELODYNE64_R30,MAPPO_MEAN,1,51.925,,,,journal_r30_top10_20260707,0.2041241452319373,,,,
3,STRAIGHT,VELODYNE64_R30,MAPPO_MEAN,2,96.2275,,,,journal_r30_top10_20260707,0.3176476034853701,,,,
3,STRAIGHT,VELODYNE64_R30,MAPPO_MEAN,3,99.18583333333333,,,,journal_r30_top10_20260707,0.4132577215787328,,,,
3,STRAIGHT,VELODYNE64_R30,MAPPO_MEAN,4,99.89666666666666,,,,journal_r30_top10_20260707,0.09388971071303759,,,,
3,STRAIGHT,VELODYNE64_R30,MAPPO_MEAN,5,100.0,,,,journal_r30_top10_20260707,0.0,,,,
3,STRAIGHT,VELODYNE64_R30,MAPPO_MEAN,6,100.0,,,,journal_r30_top10_20260707,0.0,,,,
6,CROSS,VELODYNE64_R30,MAPPO_MEAN,1,46.10709987966306,,,,journal_r30_top10_20260707,0.02946914260803831,,,,
6,CROSS,VELODYNE64_R30,MAPPO_MEAN,2,74.70100897898732,,,,journal_r30_top10_20260707,0.4826796951343039,,,,
6,CROSS,VELODYNE64_R30,MAPPO_MEAN,3,86.39914838470796,,,,journal_r30_top10_20260707,0.4024488142269698,,,,
6,CROSS,VELODYNE64_R30,MAPPO_MEAN,4,95.8895677126724,,,,journal_r30_top10_20260707,0.9760094371296413,,,,
6,CROSS,VELODYNE64_R30,MAPPO_MEAN,5,98.82069795427196,,,,journal_r30_top10_20260707,0.2225006267497929,,,,
6,CROSS,VELODYNE64_R30,MAPPO_MEAN,6,99.32333611033972,,,,journal_r30_top10_20260707,0.24536597146921404,,,,
9,T_JUNCTION,VELODYNE64_R30,MAPPO_MEAN,1,40.468918918918924,,,,journal_r30_top10_20260707,8.26757956877223,,,,
9,T_JUNCTION,VELODYNE64_R30,MAPPO_MEAN,2,78.22567567567567,,,,journal_r30_top10_20260707,1.281280473832951,,,,
9,T_JUNCTION,VELODYNE64_R30,MAPPO_MEAN,3,88.45990990990991,,,,journal_r30_top10_20260707,0.8821395565466145,,,,
9,T_JUNCTION,VELODYNE64_R30,MAPPO_MEAN,4,93.2954954954955,,,,journal_r30_top10_20260707,1.2394227431767884,,,,
9,T_JUNCTION,VELODYNE64_R30,MAPPO_MEAN,5,96.75675675675676,,,,journal_r30_top10_20260707,0.47286141970621043,,,,
9,T_JUNCTION,VELODYNE64_R30,MAPPO_MEAN,6,97.89054054054054,,,,journal_r30_top10_20260707,0.47113887199165366,,,,
